{
    "D:/Userfiles/hsoni/downloads": {
        "0291XXXXXX2284-13-Sep-2016 TO 12-Oct-2016.pdf": [
            131643,
            "Thu Oct 20 10:16:29 2016"
        ],
        "1018344995-1193.pdf": [
            57098,
            "Wed Jan 11 08:48:29 2017"
        ],
        "1018344995-1267.pdf": [
            59274,
            "Wed Jan 11 08:44:56 2017"
        ],
        "1018344995-1316.pdf": [
            58904,
            "Wed Jan 11 08:46:50 2017"
        ],
        "1018344995-1702.pdf": [
            60645,
            "Fri Dec 15 09:00:37 2017"
        ],
        "1018344995-1941.pdf": [
            59121,
            "Wed Jan 11 08:47:07 2017"
        ],
        "1156483772.zip": [
            102958,
            "Thu Jan 21 10:45:21 2016"
        ],
        "1484116256584wbtIWSdkyCUW5B3q.pdf": [
            4900,
            "Wed Jan 11 12:00:58 2017"
        ],
        "1490769435052YRFwG1cPqlsjCzcB.xls": [
            6335,
            "Wed Mar 29 12:16:24 2017"
        ],
        "1512469759388HNqsaT6wQhzx2jE7.pdf": [
            24734,
            "Tue Dec  5 15:59:20 2017"
        ],
        "1515383260857cAQKeQ6ceK9xD9xy.pdf": [
            24571,
            "Mon Jan  8 09:17:42 2018"
        ],
        "1520405802303Bh4RXFbE0uD8hGXu.xls": [
            6678,
            "Wed Mar  7 12:34:12 2018"
        ],
        "17096354558_CJExxxxx7B_A1.pdf": [
            93413,
            "Tue Sep 26 15:15:57 2017"
        ],
        "18031418045.bin": [
            2113812,
            "Wed Mar 14 17:11:56 2018"
        ],
        "18040905746.txt": [
            1224911,
            "Mon Apr  9 10:58:51 2018"
        ],
        "18040914563.txt": [
            316843,
            "Mon Apr  9 16:31:14 2018"
        ],
        "18041617188.txt": [
            2642242,
            "Mon Apr 16 17:17:25 2018"
        ],
        "18041617496.txt": [
            2635897,
            "Mon Apr 16 17:33:13 2018"
        ],
        "18041707767.txt": [
            112692,
            "Tue Apr 17 11:46:03 2018"
        ],
        "18041708072.txt": [
            107657,
            "Tue Apr 17 11:53:10 2018"
        ],
        "18042408590.txt": [
            127787,
            "Tue Apr 24 12:17:30 2018"
        ],
        "18042409848.txt": [
            48602,
            "Tue Apr 24 12:55:33 2018"
        ],
        "18061306836.txt": [
            78997,
            "Wed Jun 13 11:17:44 2018"
        ],
        "2016-07-27-11-01-20-791_1469597480791_XXXPS7547X_Acknowledgement.zip": [
            29512,
            "Wed Jul 27 11:25:35 2016"
        ],
        "3218170": [
            47606,
            "Mon Sep 26 12:28:53 2016"
        ],
        "35465365_1513764355376.xls": [
            19968,
            "Wed Dec 20 15:36:17 2017"
        ],
        "35465365_FDSummary.pdf": [
            6290,
            "Tue Jan 10 12:04:55 2017"
        ],
        "4111_W-57505531_00_000": [
            129322,
            "Thu Apr 27 12:11:45 2017"
        ],
        "7645.zip": [
            14781862,
            "Tue Jun 13 11:48:13 2017"
        ],
        "892513.pdf": [
            13297,
            "Wed Oct 12 12:00:53 2016"
        ],
        "A02EOS3006.doc": [
            924160,
            "Thu Jun  7 14:57:26 2018"
        ],
        "Acknowledgement number.docx": [
            48570,
            "Wed Aug 10 17:11:18 2016"
        ],
        "Adhoc cab request form.xlsx": [
            33031,
            "Tue May  2 16:57:30 2017"
        ],
        "ALMAdminGuide.pdf": [
            4389502,
            "Wed Jun 14 15:05:32 2017"
        ],
        "ALMExplorerAddIn_12.55.2.exe": [
            3738960,
            "Tue May  8 11:30:17 2018"
        ],
        "ALMMSExcelAddin.pdf": [
            397596,
            "Fri Feb 10 10:52:26 2017"
        ],
        "AlteaAdminDEVSetup_3_493.exe": [
            99251975,
            "Tue Feb  2 12:20:57 2016"
        ],
        "AlteaAdminDEVSetup_3_513.exe": [
            99470380,
            "Wed Jun 22 14:46:51 2016"
        ],
        "AlteaAdminDEVSetup_3_587.exe": [
            99941736,
            "Fri Nov 17 11:56:29 2017"
        ],
        "AlteaAdminDEVSetup_3_623.exe": [
            100216220,
            "Thu Jul 12 15:46:44 2018"
        ],
        "AlteaAdminTSTSetup_3_493.exe": [
            99195001,
            "Tue Feb  2 12:17:11 2016"
        ],
        "AlteaAdminTSTSetup_3_587.exe": [
            99889580,
            "Mon Nov 13 14:07:12 2017"
        ],
        "AlteaAdminTSTSetup_3_591.exe": [
            99887941,
            "Fri Dec 15 11:41:10 2017"
        ],
        "AlteaAdmin_Test_release_note_v3_619.docx": [
            220437,
            "Thu Jun 28 11:13:04 2018"
        ],
        "AlteaAdmin_Test_release_note_v3_619.docx.crdownload": [
            212023,
            "Thu Jun 28 11:12:32 2018"
        ],
        "Amadeus Security Management 16.5 - Release notes.pdf": [
            653766,
            "Wed May 10 10:34:44 2017"
        ],
        "android-studio-ide-173.4819257-windows.exe": [
            794913384,
            "Tue Jun 12 10:21:28 2018"
        ],
        "Anirudh Mishra 5+ years.doc": [
            72704,
            "Fri May 27 16:06:44 2016"
        ],
        "Anirudh.doc": [
            70144,
            "Fri May 27 11:02:27 2016"
        ],
        "Ankur Singh.docx": [
            41679,
            "Tue Jun  5 12:39:32 2018"
        ],
        "AOM_Leaflet.docx": [
            616010,
            "Fri Apr 13 15:01:39 2018"
        ],
        "apache-ant-1.8.3-bin.zip": [
            8093329,
            "Mon Feb  1 12:16:07 2016"
        ],
        "apache-jmeter-4.0.zip": [
            51580535,
            "Tue Apr  3 11:06:18 2018"
        ],
        "apache-maven-3.0.4-bin.zip": [
            4889768,
            "Mon Feb  1 11:17:04 2016"
        ],
        "apache-maven-3.3.9-bin.zip": [
            8617253,
            "Fri Jan 29 11:20:36 2016"
        ],
        "apache-maven-3.3.9-src.zip": [
            5639818,
            "Fri Jan 29 11:20:58 2016"
        ],
        "API Training - Introduction Amadeus API - Module 1.mp4": [
            124429477,
            "Wed May 16 17:17:20 2018"
        ],
        "API Training - Introduction Amadeus API - Module 2.1.mp4": [
            85317346,
            "Wed May 16 17:14:05 2018"
        ],
        "ashish-resume.pdf": [
            45358,
            "Fri Nov  3 14:35:37 2017"
        ],
        "biometrics-for-better-travel-white-paper.pdf": [
            16285054,
            "Fri Mar 23 19:04:48 2018"
        ],
        "Blockchain_Amadeus_Innovation_foresight_paper_v01.pdf": [
            680342,
            "Fri Feb  2 08:40:03 2018"
        ],
        "candidate_code_1476072239.java": [
            941,
            "Mon Oct 10 09:34:04 2016"
        ],
        "candidate_code_1476073954.java": [
            704,
            "Mon Oct 10 10:02:36 2016"
        ],
        "candidate_code_1476074340.java": [
            651,
            "Mon Oct 10 10:09:02 2016"
        ],
        "CareerNet Technologies Pvt - Sept 2016 - V.1.1.pdf": [
            1169797,
            "Wed Dec  7 14:00:08 2016"
        ],
        "Carnegie Mellon School of Art Graduate Admissions - SlideRoom.pdf": [
            85773,
            "Fri Jan 19 11:30:31 2018"
        ],
        "ccsetup541.exe": [
            15333512,
            "Thu Apr 19 11:57:23 2018"
        ],
        "certificate (1).pdf": [
            783869,
            "Tue Oct 31 12:58:13 2017"
        ],
        "certificate (2).pdf": [
            771820,
            "Tue Feb 13 11:07:24 2018"
        ],
        "certificate (3).pdf": [
            732415,
            "Wed Jul 11 15:44:13 2018"
        ],
        "certificate (4).pdf": [
            732550,
            "Fri Jul 13 15:41:32 2018"
        ],
        "certificate.pdf": [
            416570,
            "Thu Dec  8 11:10:47 2016"
        ],
        "Change Management eLearning & classroom training answers.docx": [
            1343519,
            "Tue Feb 13 11:10:32 2018"
        ],
        "Chenduri Moola (1).doc": [
            56832,
            "Tue Oct 31 12:30:58 2017"
        ],
        "chromedriver_linux32.zip": [
            4112345,
            "Fri Feb  2 11:54:09 2018"
        ],
        "chromedriver_linux64.zip": [
            3337834,
            "Wed Jan 18 11:45:50 2017"
        ],
        "cj-transfers-2018-3.pdf": [
            66126,
            "Thu May 24 09:33:05 2018"
        ],
        "CJEPS7547B-2017.pdf": [
            55035,
            "Wed Jan 31 09:25:26 2018"
        ],
        "CJEPS7547B-2018.pdf": [
            108233,
            "Fri Jul  6 13:15:07 2018"
        ],
        "CLP_FOR_PAD_TEST_STRATEGY.docx": [
            237481,
            "Wed Mar 21 08:51:53 2018"
        ],
        "CMJFE_1A_53.3.7.bat": [
            432,
            "Tue Mar  7 10:32:23 2017"
        ],
        "CMJFE_1A_54.2.3.bat": [
            412,
            "Tue Mar  7 12:56:42 2017"
        ],
        "collage-2017-09-22.png": [
            604515,
            "Fri Sep 22 14:52:47 2017"
        ],
        "CompleteWordReport-CIRPK6045E.doc": [
            9125,
            "Wed Aug 10 17:01:36 2016"
        ],
        "Data-Flows-In-Security-Servers.doc": [
            448000,
            "Thu Jul  7 09:20:39 2016"
        ],
        "dec16payslip.pdf": [
            7091,
            "Wed Feb 15 11:08:20 2017"
        ],
        "desktop.ini": [
            282,
            "Fri Sep 21 14:44:32 2018"
        ],
        "DEV Channel - Lambda box - DDay.pptx": [
            5661260,
            "Wed Jan 24 09:01:23 2018"
        ],
        "DigitalDNA.msi": [
            7491584,
            "Wed May  4 16:36:27 2016"
        ],
        "Disallowed Indicators for office search.xlsx": [
            22678,
            "Fri Oct  6 08:45:11 2017"
        ],
        "DisplayAPI.zip": [
            26010,
            "Fri May 19 11:21:52 2017"
        ],
        "Display_API_Testing.zip": [
            227611,
            "Wed Jun 14 13:08:11 2017"
        ],
        "document.json": [
            106860,
            "Tue Jul  4 10:41:16 2017"
        ],
        "downloadInvoice.pdf": [
            29327,
            "Thu Mar 10 09:19:08 2016"
        ],
        "eclipse-inst-win64.exe": [
            48691144,
            "Tue Sep 26 11:49:59 2017"
        ],
        "EKYC189631.pdf": [
            262144,
            "Mon Jan  2 15:36:11 2017"
        ],
        "EKYC190621.pdf": [
            262144,
            "Wed Jan  4 12:18:22 2017"
        ],
        "eng-sonihimanshu-gmail-com15122017091254CA78732724.pdf": [
            43297,
            "Fri Dec 15 10:02:40 2017"
        ],
        "EOS Deco - v0 1.pptx": [
            390535,
            "Thu Jun  7 14:57:27 2018"
        ],
        "EOS Deco - v0.3.pptx": [
            401345,
            "Thu Jun  7 14:57:26 2018"
        ],
        "EOS documentation(1).doc": [
            212480,
            "Tue Apr 26 14:38:45 2016"
        ],
        "EOS documentation.doc": [
            212480,
            "Tue Apr 26 14:38:05 2016"
        ],
        "EOS security.pptx": [
            498265,
            "Thu Jun  7 15:06:31 2018"
        ],
        "EOS_UPDATE_ALLAPPIDS_CRY.cry": [
            277184,
            "Thu May 19 16:34:03 2016"
        ],
        "face_recognizer.zip": [
            6351978,
            "Sun Dec  3 07:02:55 2017"
        ],
        "Field Sequence Order.xlsx": [
            1731018,
            "Wed Sep 20 17:08:32 2017"
        ],
        "final-presentations.zip": [
            141105177,
            "Tue Sep 12 14:31:23 2017"
        ],
        "FM_data.xls": [
            2592256,
            "Fri Mar 18 08:41:22 2016"
        ],
        "Git-2.16.2-64-bit.exe": [
            39139744,
            "Thu Apr 12 10:28:06 2018"
        ],
        "Git-2.17.1.2-64-bit.exe": [
            40724176,
            "Thu May 31 12:11:43 2018"
        ],
        "GoAir_FZTE9L.pdf": [
            94006,
            "Wed May 23 10:55:10 2018"
        ],
        "Google resume.pdf": [
            1111046,
            "Tue Jun  5 12:45:08 2018"
        ],
        "GoogleVoiceAndVideoSetup.exe": [
            1130840,
            "Wed Aug 29 16:12:46 2018"
        ],
        "groovy.zip": [
            1525,
            "Tue Jul  4 14:50:13 2017"
        ],
        "Hadoop-for-dumies_Dirk.deRoos-Paul.C_2014.pdf": [
            3735908,
            "Tue Sep 19 10:27:38 2017"
        ],
        "Head-First-Python-ora-2011.pdf": [
            38739237,
            "Mon Jan 29 16:38:41 2018"
        ],
        "Himanshu Soni Resume.docx": [
            31956,
            "Mon Sep 17 21:20:04 2018"
        ],
        "Himanshu Soni Resume.pdf": [
            213253,
            "Mon Sep 17 21:21:00 2018"
        ],
        "Himanshu Soni V2.0.docx": [
            21784,
            "Mon Sep 17 00:09:01 2018"
        ],
        "Himanshu Soni_4+ years_Manual Testing.docx": [
            23358,
            "Tue Mar  8 11:15:46 2016"
        ],
        "Himanshu Soni_7+ years_Manual_Automation_Testing.docx": [
            26293,
            "Fri Apr 20 14:49:43 2018"
        ],
        "Himanshu Soni_7+ years_Manual_Automation_Testing.pdf": [
            703860,
            "Fri Jul 21 14:44:57 2017"
        ],
        "Himanshu Soni_8+_Years_Exp_Manual_Automation_Testing.docx": [
            27678,
            "Thu May 24 08:57:50 2018"
        ],
        "Himanshu Soni_8_Years_Exp_Manual_Automation_Testing.docx": [
            27759,
            "Thu May 24 08:53:29 2018"
        ],
        "HipChat-win32.exe": [
            49793224,
            "Tue Aug 14 16:28:14 2018"
        ],
        "hp-application-automation-tools-plugin.hpi": [
            15689102,
            "Wed Feb 14 11:50:41 2018"
        ],
        "ideaIC-2018.1.3.exe": [
            458354216,
            "Mon May 14 11:17:58 2018"
        ],
        "ideaIU-2018.1.5.exe": [
            557360280,
            "Mon Jul  9 15:31:50 2018"
        ],
        "Incorrect first name.png": [
            143499,
            "Thu Feb  1 14:46:23 2018"
        ],
        "InputMismatchExceptionExample.zip": [
            3003,
            "Mon May 28 13:05:04 2018"
        ],
        "Integrated Electronics- Analog And Digital Circuits and Systems_J. Millman And C. C. Halkias.pdf": [
            727886,
            "Mon Jan 18 12:21:46 2016"
        ],
        "integrated-electronics-by-millman-halkias.pdf": [
            18580927,
            "Mon Jan 18 12:23:04 2016"
        ],
        "Introduction to the Amadeus API - Labs (1).zip": [
            567281,
            "Wed May 16 17:05:13 2018"
        ],
        "Introduction to the Amadeus API - Labs.last": [
            1135,
            "Mon May  7 15:15:00 2018"
        ],
        "Introduction to the Amadeus API - Labs.zip": [
            567281,
            "Mon May  7 14:56:12 2018"
        ],
        "InvestorDashboard.xls": [
            9959,
            "Wed Jan 11 08:50:51 2017"
        ],
        "InvestorTransactionsReport.xls": [
            1502,
            "Tue Jan 10 11:53:29 2017"
        ],
        "invoice.pdf": [
            7068,
            "Mon Sep 11 11:09:57 2017"
        ],
        "invoice_1739892340.pdf": [
            28798,
            "Tue Nov 15 12:25:37 2016"
        ],
        "ITR V .pdf": [
            67719,
            "Wed Aug 10 17:02:35 2016"
        ],
        "Jan Payslip.pdf": [
            7123,
            "Wed Feb 15 11:07:17 2017"
        ],
        "jar_files.zip": [
            1287740,
            "Tue Apr 10 11:09:05 2018"
        ],
        "jenkins-2.106.zip": [
            122024184,
            "Wed Feb 14 11:59:29 2018"
        ],
        "Jenkins-ALM V1.0.docx": [
            523668,
            "Wed May  9 11:25:22 2018"
        ],
        "jenkins.msi": [
            122568704,
            "Mon Feb 12 09:01:05 2018"
        ],
        "jmeter-plugins-manager-0.19.jar": [
            874551,
            "Thu Feb 22 14:14:02 2018"
        ],
        "jre-8u121-windows-x64.tar.gz": [
            65704280,
            "Fri Feb 24 14:27:23 2017"
        ],
        "jsonandrest-091202051849-phpapp01.pptx": [
            1521654,
            "Mon Jul  3 12:49:48 2017"
        ],
        "jxl-2.6.12.jar.zip": [
            672080,
            "Wed Jun 21 20:35:34 2017"
        ],
        "Kajal Pic.jpg": [
            35590,
            "Tue Mar  8 14:34:22 2016"
        ],
        "Kajal_Kohli - Copy.jpg": [
            217594,
            "Tue Mar  8 14:31:35 2016"
        ],
        "Kajal_Kohli.png": [
            911085,
            "Tue Mar  8 14:31:26 2016"
        ],
        "Kajal_Kohli_Functional_Tester.doc": [
            60928,
            "Tue Mar  8 11:14:39 2016"
        ],
        "LajishLakshmanan_CV.docx": [
            36008,
            "Wed Jul 18 19:18:38 2018"
        ],
        "Letter (1).pdf": [
            4329,
            "Mon Oct  9 11:16:46 2017"
        ],
        "Letter.pdf": [
            4348,
            "Wed Jan 11 10:21:44 2017"
        ],
        "LSS_EXTRACT_OFFICE_JL_FVT_20170719_074026.zip": [
            102228,
            "Wed Jul 19 13:23:53 2017"
        ],
        "Massive Office creation template_NOV2017.xlsx": [
            19842,
            "Fri Jul 20 19:27:57 2018"
        ],
        "Massive_create_Office_Template.xlsx": [
            31935,
            "Fri Jul 20 19:32:21 2018"
        ],
        "Mghe60am.pdf": [
            4639,
            "Wed Jan 11 10:38:50 2017"
        ],
        "MicrosoftProgram_Install_and_Uninstall.meta.diagcab": [
            221662,
            "Tue May 23 12:36:49 2017"
        ],
        "msvcr71.dll": [
            348160,
            "Wed Feb  3 14:46:51 2016"
        ],
        "MVS_UI_src_test_resources_TestData (1).xls": [
            503808,
            "Wed Feb 14 16:20:49 2018"
        ],
        "MVS_UI_src_test_resources_TestData (2).xls": [
            503808,
            "Wed Feb 14 16:21:39 2018"
        ],
        "MVS_UI_src_test_resources_TestData (3).xls": [
            527360,
            "Wed Feb 14 16:29:35 2018"
        ],
        "MVS_UI_src_test_resources_TestData (4).xls": [
            527360,
            "Wed Feb 14 16:31:13 2018"
        ],
        "MVS_UI_src_test_resources_TestData (5).xls": [
            549888,
            "Wed Feb 21 16:20:30 2018"
        ],
        "MVS_UI_src_test_resources_TestData (6).xls": [
            539136,
            "Wed Feb 21 16:18:18 2018"
        ],
        "MVS_UI_src_test_resources_TestData (7).xls": [
            620544,
            "Sat Mar  3 02:05:14 2018"
        ],
        "MVS_UI_src_test_resources_TestData.xls": [
            527360,
            "Wed Feb 14 16:20:07 2018"
        ],
        "NF72697107640721.pdf": [
            9895,
            "Fri Dec 22 08:30:29 2017"
        ],
        "NGI_data.xls": [
            472064,
            "Mon Jul  4 17:17:03 2016"
        ],
        "noname": [
            11985,
            "Wed May 24 15:11:18 2017"
        ],
        "nov16payslip.pdf": [
            7043,
            "Wed Feb 15 11:08:06 2017"
        ],
        "npp.6.8.9.Installer.exe": [
            4123060,
            "Thu Jan 14 13:12:43 2016"
        ],
        "NppHorizontalRuler.dll": [
            79872,
            "Wed Mar 29 15:26:00 2017"
        ],
        "ObjectifGUI.exe": [
            56045476,
            "Tue Aug  8 11:38:10 2017"
        ],
        "oct16payslip.pdf": [
            7045,
            "Wed Feb 15 11:10:00 2017"
        ],
        "octave-4.4.1-w64-64-installer.exe": [
            249818794,
            "Fri Aug 17 08:59:17 2018"
        ],
        "octave-4.4.1-w64-installer.exe.sig": [
            95,
            "Fri Aug 17 08:52:23 2018"
        ],
        "Office Search.docx": [
            33450,
            "Tue Feb 20 15:46:39 2018"
        ],
        "OfficeSearchJSON.last": [
            2979,
            "Mon Jun 19 14:53:24 2017"
        ],
        "OFP-SIP_Mapping_Flow2.pptx": [
            79637,
            "Tue May  3 16:04:16 2016"
        ],
        "openssl-1.0.2j-fips-x86_64.zip": [
            4004645,
            "Tue Apr  3 13:47:20 2018"
        ],
        "OperabilityCriteriaForDEV.pptx": [
            1858162,
            "Mon Apr 30 12:12:14 2018"
        ],
        "OPS_KPI_Report-AAP_RFD_SAS_WSS_SEP_2018.xlsx": [
            30076,
            "Mon Sep 24 08:57:19 2018"
        ],
        "OPS_KPI_Report-SAS.xlsx": [
            114751,
            "Mon Apr 30 17:12:40 2018"
        ],
        "Other Expense Reimbursement Form(1).xlsx": [
            58463,
            "Wed Jan 20 09:32:02 2016"
        ],
        "ParameterAnalysis.xlsx": [
            233436,
            "Thu Nov 30 15:49:54 2017"
        ],
        "Payslip Oct 17.pdf": [
            7080,
            "Wed Nov 15 08:59:14 2017"
        ],
        "phantomjs-2.1.1-windows.zip": [
            18193653,
            "Fri Jul  8 10:25:03 2016"
        ],
        "Photos.zip": [
            2458704,
            "Mon Jan  2 14:33:38 2017"
        ],
        "Pilot_Migration_Strategy_Ver 3.0 (1).xlsx": [
            9376987,
            "Wed Mar 14 12:35:57 2018"
        ],
        "Pilot_Migration_Strategy_Ver 3.0.xlsx": [
            9376987,
            "Thu Mar  1 13:09:59 2018"
        ],
        "Postman-win64-5.0.2-Setup.exe": [
            70315128,
            "Thu Jul 20 14:40:18 2017"
        ],
        "Presentation - VGUIAQ 14.1 - AuthenticateInLSS - Update.ppt": [
            2140672,
            "Wed Mar 21 08:49:09 2018"
        ],
        "Product Definition Analyst Class - Introduction to the Amadeus API.pptx": [
            4384257,
            "Wed May 16 17:07:23 2018"
        ],
        "Productization_Process.pdf": [
            1704437,
            "Thu Aug 16 16:34:02 2018"
        ],
        "PROD_Released_TST_1A.zip": [
            185899400,
            "Tue Mar  7 10:50:26 2017"
        ],
        "PTRList_table.csv": [
            31463,
            "Mon Jan 22 14:20:36 2018"
        ],
        "pujee pic org.jpg": [
            10587,
            "Fri Jul  1 09:51:14 2016"
        ],
        "pujee pic org.png": [
            45928,
            "Fri Jul  1 09:49:31 2016"
        ],
        "pujee pic.jpg": [
            15586,
            "Fri Jul  1 09:48:39 2016"
        ],
        "pujee sign.jpg": [
            5894,
            "Fri Jul  1 09:50:57 2016"
        ],
        "Python Overview.pptx": [
            523382,
            "Wed Jan 24 12:14:42 2018"
        ],
        "python-2.7.10.amd64.msi": [
            19382272,
            "Tue Jun  7 09:32:12 2016"
        ],
        "python-3.4.4.amd64.msi": [
            26054656,
            "Mon Jul  4 12:46:15 2016"
        ],
        "python-3.4.4.msi": [
            24932352,
            "Mon Jul  4 12:46:18 2016"
        ],
        "python-3.5.2.exe": [
            29269656,
            "Fri Jul  1 15:00:50 2016"
        ],
        "python-3.7.0.exe": [
            25506832,
            "Wed Sep 26 09:13:17 2018"
        ],
        "RA_P1_(2).pdf": [
            76183,
            "Wed Jan 11 11:10:32 2017"
        ],
        "Real Time Face Recognition Using OpenCV and MATLAB.rar": [
            638472,
            "Sun Dec  3 04:46:06 2017"
        ],
        "recharge_invoice_1680388458.pdf": [
            28785,
            "Tue Apr 19 11:06:04 2016"
        ],
        "Recommendation Letter_Himanshu Soni.pdf": [
            201322,
            "Fri Jan 19 11:09:37 2018"
        ],
        "REKYC_Form_individual.pdf": [
            72742,
            "Mon Jan  2 12:39:34 2017"
        ],
        "rest-assured-master.zip": [
            2613145,
            "Wed May 24 14:45:07 2017"
        ],
        "resume-5702b976495211e8956d060e75a282e4.docx": [
            27735,
            "Wed May 23 12:45:39 2018"
        ],
        "Resume.docx": [
            23706,
            "Mon Jan  9 12:00:11 2017"
        ],
        "Resume_Kirti Soni_PGDM_HR_2016.docx": [
            23858,
            "Thu Dec  8 16:38:44 2016"
        ],
        "rfd-ova-160802-095910-11820224-uat.csv": [
            99,
            "Thu Aug  4 14:41:51 2016"
        ],
        "RSASecurIDTokenAuto412x64.msi": [
            19694592,
            "Wed Mar 12 14:35:46 2014"
        ],
        "Sample-1-on-1-email.txt": [
            1975,
            "Thu Sep  6 22:23:48 2018"
        ],
        "SCJP Kathy Sierra.pdf": [
            3091063,
            "Fri May 18 12:49:30 2018"
        ],
        "sco1.pdf": [
            65947,
            "Tue Dec 19 15:09:58 2017"
        ],
        "SeConf2016_ProgramGuide.pdf": [
            962295,
            "Thu Jun 23 05:47:17 2016"
        ],
        "Security_Illustration (1).docx": [
            19549,
            "Mon Dec 18 14:21:08 2017"
        ],
        "Security_Illustration.docx": [
            19549,
            "Wed Dec  6 15:32:22 2017"
        ],
        "ServletController.pdf": [
            7095,
            "Tue Apr 19 10:10:08 2016"
        ],
        "Setup Log 2018-08-14 #001.txt": [
            507595,
            "Tue Aug 14 16:29:16 2018"
        ],
        "Sign2.jpg": [
            14081,
            "Tue Mar  8 14:36:03 2016"
        ],
        "Signature.jpg": [
            10592,
            "Tue Mar  8 14:35:19 2016"
        ],
        "soapui.out": [
            48296,
            "Wed Jul 12 15:23:51 2017"
        ],
        "spring-mock-mvc-3.0.0.jar": [
            87060,
            "Sat Jul 21 19:19:08 2018"
        ],
        "sqldeveloper-4.1.5.21.78-x64.zip": [
            420791636,
            "Tue Jan 31 13:42:36 2017"
        ],
        "TDConnect.exe": [
            6448728,
            "Tue May 23 16:30:59 2017"
        ],
        "TDS1990265.pdf": [
            9952,
            "Mon Jan  2 10:49:26 2017"
        ],
        "TDS2718161.pdf": [
            29654,
            "Thu May 31 14:51:18 2018"
        ],
        "TDS2718163.pdf": [
            29430,
            "Thu May 31 14:51:36 2018"
        ],
        "TDS2791459.pdf": [
            29432,
            "Fri Jul  6 13:07:28 2018"
        ],
        "TEST (1).xlsx": [
            15372,
            "Wed Jul 11 12:28:12 2018"
        ],
        "TEST (2).xlsx": [
            19058,
            "Wed Jul 11 13:45:03 2018"
        ],
        "TEST (3).xlsx": [
            16346,
            "Wed Jul 11 13:46:13 2018"
        ],
        "TEST (4).xlsx": [
            16433,
            "Thu Aug 23 15:34:52 2018"
        ],
        "TEST (5).xlsx": [
            44873,
            "Thu Aug 23 15:34:59 2018"
        ],
        "TEST (6).xlsx": [
            18189,
            "Wed Sep  5 13:11:33 2018"
        ],
        "TEST (7).xlsx": [
            25047,
            "Thu Sep  6 11:08:13 2018"
        ],
        "TEST.xlsx": [
            17047,
            "Wed Jul 11 12:27:07 2018"
        ],
        "The Amadeus API Design & Governance.pptx": [
            2745984,
            "Mon May  7 16:16:29 2018"
        ],
        "The Amadeus REST JSON APIs.pptx": [
            4202026,
            "Mon May  7 16:16:38 2018"
        ],
        "The Ultimate Guide to Mobile Web Testing.pdf": [
            2826989,
            "Thu May  3 11:14:50 2018"
        ],
        "The-3-Essential-Building-Blocks-of-Continuous-Testing.pdf": [
            2589349,
            "Thu Aug 16 14:39:29 2018"
        ],
        "The-Complete-Guide-to-End-to-End-Testing.pdf": [
            952360,
            "Thu Apr 12 14:32:50 2018"
        ],
        "TPL-RFD-Massive_tools_-_Add_Offices_-_Template-V1.5.4 (1).xlsm": [
            106410,
            "Thu Jul 13 13:10:50 2017"
        ],
        "TPL-RFD-Massive_tools_-_Add_Offices_-_Template-V1.5.4 (2).xlsm": [
            106607,
            "Mon Feb 26 15:56:34 2018"
        ],
        "TPL-RFD-Massive_tools_-_Add_Offices_-_Template-V1.5.4 (3).xlsm": [
            106410,
            "Mon Sep 24 11:16:55 2018"
        ],
        "TPL-RFD-Massive_tools_-_Add_Offices_-_Template-V1.5.4.xlsm": [
            106046,
            "Thu Mar 30 15:44:39 2017"
        ],
        "TPL-RFD-Massive_tools_-_Manage_Users_and_Rights.xlsm": [
            529109,
            "Fri Jun  3 14:52:57 2016"
        ],
        "TPL-RFD-Massive_tools_-_Manage_Users_and_Rights_-_Template-V1.5.4 (1).xlsm": [
            563131,
            "Thu Jul 13 15:25:57 2017"
        ],
        "TPL-RFD-Massive_tools_-_Manage_Users_and_Rights_-_Template-V1.5.4 (2).xlsm": [
            567695,
            "Mon Jul 23 11:20:06 2018"
        ],
        "TPL-RFD-Massive_tools_-_Manage_Users_and_Rights_-_Template-V1.5.4(1).xlsm": [
            561632,
            "Mon Jul 31 12:18:07 2017"
        ],
        "TPL-RFD-Massive_tools_-_Manage_Users_and_Rights_-_Template-V1.5.4(2).xlsm": [
            575331,
            "Tue Dec 19 11:18:22 2017"
        ],
        "TPL-RFD-Massive_tools_-_Manage_Users_and_Rights_-_Template-V1.5.4.xlsm": [
            563855,
            "Tue Nov 15 15:29:24 2016"
        ],
        "TPL-RFD-Massive_tools_-_Manage_Users_and_Rights_-_Template-V1.5.7.xlsm": [
            559779,
            "Fri Nov 10 14:12:46 2017"
        ],
        "TPL-RFD-Massive_tools_-_Move_Office_and_OGU_-_Template-V1.4.6.xlsm": [
            127318,
            "Mon Sep 24 11:16:50 2018"
        ],
        "Transaction_Mapping.xlsx": [
            2722310,
            "Wed Dec  6 15:32:43 2017"
        ],
        "UG_WBS_Security_SearchUsers_01.1.pdf": [
            160167,
            "Wed Aug 30 16:25:51 2017"
        ],
        "Update_Panel_A (1).xls": [
            134944,
            "Fri Nov 24 10:59:36 2017"
        ],
        "Update_Panel_A (2).xls": [
            135070,
            "Mon Nov 27 10:30:30 2017"
        ],
        "Update_Panel_A (3).xls": [
            134969,
            "Tue Nov 28 22:15:36 2017"
        ],
        "Update_Panel_A (4).xls": [
            136024,
            "Thu Nov 30 20:19:02 2017"
        ],
        "Update_Panel_A (5).xls": [
            136812,
            "Wed Dec  6 16:12:41 2017"
        ],
        "Update_Panel_A(1).xls": [
            133295,
            "Wed Oct 11 15:53:39 2017"
        ],
        "Update_Panel_A.xls": [
            133013,
            "Wed Oct  4 20:45:47 2017"
        ],
        "Update_Panel_A.xls (1).xls": [
            141761,
            "Thu Jun 14 16:38:02 2018"
        ],
        "Update_Panel_A.xls (1).xlsx": [
            142803,
            "Thu Jan 11 14:57:58 2018"
        ],
        "Update_Panel_A.xls (2).xls": [
            141761,
            "Wed Jul 25 12:07:53 2018"
        ],
        "Update_Panel_A.xls (2).xlsx": [
            142803,
            "Tue Jan 23 11:46:07 2018"
        ],
        "Update_Panel_A.xls (3).xls": [
            141761,
            "Wed Jul 25 12:08:00 2018"
        ],
        "Update_Panel_A.xls (3).xlsx": [
            142803,
            "Thu Feb  1 16:05:00 2018"
        ],
        "Update_Panel_A.xls (4).xls": [
            141761,
            "Fri Aug 17 10:31:32 2018"
        ],
        "Update_Panel_A.xls (4).xlsx": [
            142803,
            "Fri Mar  2 15:24:10 2018"
        ],
        "Update_Panel_A.xls (5).xls": [
            141761,
            "Thu Sep  6 10:28:50 2018"
        ],
        "Update_Panel_A.xls (5).xlsx": [
            141293,
            "Tue Mar 20 11:58:46 2018"
        ],
        "Update_Panel_A.xls (6).xlsx": [
            141293,
            "Mon Apr  9 15:24:45 2018"
        ],
        "Update_Panel_A.xls (7).xlsx": [
            141293,
            "Mon Apr 23 10:34:27 2018"
        ],
        "Update_Panel_A.xls.xls": [
            314880,
            "Thu May 31 15:56:47 2018"
        ],
        "Update_Panel_A.xls.xlsx": [
            142803,
            "Wed Jan 10 15:17:02 2018"
        ],
        "Update_Panel_Analysis_G(1).xlsx": [
            29977,
            "Fri Oct  6 08:52:27 2017"
        ],
        "Update_Panel_Analysis_G(2).xlsx": [
            29977,
            "Thu Oct 12 10:29:41 2017"
        ],
        "Update_Panel_Analysis_G.xlsx": [
            29118,
            "Wed Sep 20 11:00:43 2017"
        ],
        "Update_Panel_B.xlsx": [
            117869,
            "Wed Nov  8 11:16:32 2017"
        ],
        "Update_Panel_F.xlsx": [
            38784,
            "Mon Jul  3 16:36:24 2017"
        ],
        "Update_Panel_J.xlsx": [
            45477,
            "Fri Oct 13 09:02:21 2017"
        ],
        "versionChange.xlsx": [
            30943,
            "Wed Jun 27 11:22:39 2018"
        ],
        "vlc-3.0.2-win64.exe": [
            40217832,
            "Mon May 14 12:01:36 2018"
        ],
        "W-57505330": [
            151756,
            "Thu Apr 27 12:09:48 2017"
        ],
        "WBS test.web": [
            6496,
            "Wed May 25 15:05:26 2016"
        ],
        "Web eBP - Kajal Kohli, BLR-DEL": [
            94794,
            "Wed Dec 21 11:13:24 2016"
        ],
        "webinar-841305689.ics": [
            2378,
            "Wed Apr 18 16:03:58 2018"
        ],
        "WhatsApp Image 2017-09-22 at 10.12.15.jpeg": [
            109597,
            "Fri Sep 22 14:46:03 2017"
        ],
        "xlrd-0.9.4.tar.gz": [
            322945,
            "Mon Jul 10 15:54:23 2017"
        ],
        "XML Presentation - AMA_Security GetConsumerPreference,UpdatePreferences,SearchUsers.zip": [
            4167153,
            "Mon Aug 28 15:03:04 2017"
        ]
    }
}