<?xml version="1.0" encoding="UTF-8"?>
<host-info>
	<host name="ravijaya.info" port="22">
		<user>training</user>
		<password>training</password>
		<job>lscpu</job>
	</host>
	<host name="ravijaya.info" port="22">
		<user>training</user>
		<password>training</password>
		<job>cal</job>
	</host>
	<host name="ravijaya.info" port="22">
		<user>training</user>
		<password>training</password>
		<job>free -m</job>
	</host>
	<host name="ravijaya.info" port="22">
		<user>training</user>
		<password>training</password>
		<job>w</job>
	</host>
</host-info>